,family,age,gender,location,status,immunity,job status,contacts
0,id1,66,w,"(0.9634, 0.9612)",r,42.024195259124326,rt,9
821,id1,70,m,"(0.1029, 0.7011)",r,18.562767126650737,rt,2
439,id1,31,m,"(0.3826, 0.0344)",r,61.013046135122714,w,23
882,id1,93,w,"(0.4705, 0.0141)",r,77.47733134764897,rt,9
430,id1,57,w,"(0.5877, 0.0055)",r,46.98427409009847,nw,16
464,id10,60,m,"(0.2011, 0.8392)",r,36.88410342657193,nw,6
447,id10,61,w,"(0.1309, 0.4863)",s,78.90765782440926,w,31
837,id10,85,m,"(0.7281, 0.296)",r,65.34731722510851,rt,7
12,id10,60,w,"(0.3377, 0.826)",r,93.91033678433641,w,33
34,id10,78,m,"(0.4979, 0.153)",r,3.3838904635809954,rt,7
912,id10,58,w,"(0.9651, 0.8176)",r,92.84274437211614,nw,13
233,id100,64,m,"(0.3914, 0.0354)",r,7.026851043119597,nw,5
214,id100,85,w,"(0.3192, 0.661)",r,66.33062403288949,rt,2
658,id100,35,m,"(0.0074, 0.821)",r,27.491327531392276,nw,11
648,id100,35,w,"(0.8579, 0.271)",r,53.954693028619225,nw,2
659,id101,26,m,"(0.7194, 0.0407)",r,47.9258049075367,w,21
235,id101,39,m,"(0.2344, 0.8973)",r,35.09732371902253,w,34
650,id101,47,w,"(0.2439, 0.372)",r,53.021814049350766,nw,8
215,id101,75,w,"(0.2829, 0.3157)",h,4.714139349314106,rt,10
236,id102,52,m,"(0.9351, 0.6247)",r,25.821822230145507,w,42
651,id102,91,w,"(0.3895, 0.8407)",r,83.69131500781567,rt,3
660,id102,68,m,"(0.8775, 0.3452)",r,55.31695412626342,rt,10
216,id102,75,w,"(0.9984, 0.1064)",r,74.12047673538835,rt,8
238,id103,52,m,"(0.2153, 0.6257)",r,18.266546936394235,w,29
220,id103,97,w,"(0.186, 0.3442)",r,69.95626100726594,rt,8
661,id103,48,m,"(0.4231, 0.2999)",r,49.37999194068471,nw,13
666,id103,72,w,"(0.6406, 0.783)",r,68.95477750002864,rt,4
672,id104,87,w,"(0.7231, 0.3397)",r,40.88184988196704,rt,5
239,id104,85,m,"(0.7022, 0.237)",h,62.57311035913682,rt,0
222,id104,76,w,"(0.957, 0.034)",i,27.004093921663927,rt,6
663,id104,56,m,"(0.6506, 0.3852)",s,19.801652541048746,w,35
223,id105,65,w,"(0.1515, 0.0187)",r,77.13689817491607,w,25
673,id105,91,w,"(0.0854, 0.0023)",r,88.91722088358951,rt,6
664,id105,62,m,"(0.6111, 0.9573)",r,47.17094503691582,w,27
665,id106,93,m,"(0.3494, 0.7033)",r,99.40609374060901,rt,3
225,id106,37,w,"(0.3535, 0.7725)",h,52.00627320652422,w,21
676,id106,19,w,"(0.841, 0.4892)",r,38.21787327164206,st,27
240,id106,90,m,"(0.7825, 0.2241)",r,47.28514834105578,rt,6
227,id107,71,w,"(0.6127, 0.5886)",r,92.58237963007606,rt,3
690,id107,46,w,"(0.6374, 0.3349)",r,49.40402451691696,nw,3
668,id107,67,m,"(0.2255, 0.2818)",r,10.305458790208842,rt,7
241,id107,64,m,"(0.0279, 0.7994)",r,30.168663294325178,nw,7
691,id108,24,w,"(0.4119, 0.0539)",r,27.181759878087163,st,14
669,id108,53,m,"(0.1577, 0.8029)",r,41.0035559454051,nw,13
245,id108,77,m,"(0.1975, 0.096)",r,15.394113283111245,rt,1
228,id108,40,w,"(0.9985, 0.7094)",s,56.23816139115281,nw,9
246,id109,50,m,"(0.4755, 0.5948)",r,34.71683927797029,w,21
692,id109,75,w,"(0.5677, 0.1741)",r,22.98291626378141,rt,9
232,id109,62,w,"(0.3673, 0.8755)",r,39.53703425557437,nw,6
466,id11,39,m,"(0.1616, 0.6047)",s,42.947335137093994,w,28
913,id11,49,w,"(0.6156, 0.7231)",r,78.83040475888353,w,34
448,id11,78,w,"(0.3036, 0.3842)",r,47.50532267775923,rt,2
16,id11,26,w,"(0.5796, 0.0663)",r,83.2503210865462,w,42
36,id11,47,m,"(0.5245, 0.0103)",r,74.81325301829628,nw,13
839,id11,50,m,"(0.2955, 0.2025)",r,97.53571831382222,nw,4
693,id110,22,w,"(0.4786, 0.6696)",r,78.27611866563697,st,23
243,id110,53,w,"(0.4857, 0.4414)",r,37.50360858068951,w,31
250,id110,90,m,"(0.5258, 0.0286)",r,75.67385417363957,rt,9
699,id111,49,w,"(0.5821, 0.2407)",r,1.4187056184224554,w,22
244,id111,50,w,"(0.7605, 0.7828)",r,25.483547023393257,nw,5
670,id111,60,m,"(0.7545, 0.9767)",r,28.1451840999028,nw,13
251,id111,56,m,"(0.1804, 0.6963)",r,64.84905367096371,w,44
247,id112,35,w,"(0.6097, 0.1822)",r,9.962649708169176,nw,2
700,id112,78,w,"(0.4812, 0.6989)",r,20.04577091099934,rt,4
671,id112,50,m,"(0.5946, 0.4073)",r,79.6127269908472,nw,2
252,id112,22,m,"(0.926, 0.0646)",r,75.20753021861151,st,29
675,id113,36,m,"(0.8832, 0.0493)",r,26.366898957639158,w,24
253,id113,52,m,"(0.7914, 0.421)",r,4.55829388409848,nw,13
254,id113,71,w,"(0.2813, 0.4269)",r,75.97619535184528,rt,8
701,id113,74,w,"(0.6017, 0.8057)",r,86.79154393958623,rt,1
678,id114,26,m,"(0.7284, 0.3215)",r,49.829257348240006,w,32
257,id114,62,w,"(0.8347, 0.0696)",h,97.77560110319853,w,34
258,id114,42,m,"(0.8801, 0.5589)",i,22.47605043110104,nw,13
704,id114,25,w,"(0.9808, 0.5451)",r,68.4006867051064,w,26
680,id115,79,m,"(0.2432, 0.3787)",r,49.05989341771969,rt,1
705,id115,86,w,"(0.6529, 0.1829)",r,48.66318293225994,rt,4
259,id115,24,w,"(0.9003, 0.8246)",r,29.8066984932404,st,18
265,id115,99,m,"(0.0613, 0.8263)",r,85.21884322157499,rt,1
260,id116,94,w,"(0.6002, 0.9436)",s,90.66438664155683,rt,10
682,id116,31,m,"(0.4328, 0.9277)",r,23.524905993674018,nw,12
266,id116,37,m,"(0.466, 0.0589)",r,53.691033852041585,w,40
709,id117,56,w,"(0.1104, 0.1848)",r,72.08136159737265,w,29
268,id117,82,m,"(0.1928, 0.9801)",r,44.01700206775949,rt,4
261,id117,20,w,"(0.2424, 0.2228)",i,34.93194548599025,st,27
684,id117,66,m,"(0.9614, 0.8185)",r,20.01229008743448,rt,3
274,id118,38,m,"(0.2795, 0.2085)",r,8.304138063344446,w,29
710,id118,37,w,"(0.0205, 0.7272)",r,34.14689987063942,w,20
262,id118,56,w,"(0.5617, 0.0511)",r,32.10783633785551,nw,5
277,id119,29,m,"(0.9696, 0.2677)",i,22.441940797556978,w,26
712,id119,51,w,"(0.5827, 0.6375)",s,97.70131194527436,w,20
685,id119,70,m,"(0.2609, 0.2556)",r,11.142483760870048,rt,8
263,id119,88,w,"(0.0777, 0.9862)",r,84.49623870097058,rt,5
915,id12,75,w,"(0.4057, 0.9276)",r,67.87077867734153,rt,9
450,id12,25,w,"(0.8479, 0.807)",i,4.187829341439386,w,27
40,id12,77,m,"(0.9334, 0.1415)",r,2.1851763179122075,rt,0
18,id12,22,w,"(0.6801, 0.1095)",r,66.74120694759895,st,27
468,id12,52,m,"(0.5884, 0.4469)",h,5.564164669489714,w,42
264,id120,32,w,"(0.0115, 0.416)",i,52.77540962641076,nw,11
687,id120,18,m,"(0.4774, 0.2888)",r,98.05558903606506,st,29
713,id120,34,w,"(0.2513, 0.5772)",r,86.2736267715523,nw,14
279,id120,90,m,"(0.5324, 0.796)",r,50.926552455461184,rt,7
688,id121,68,m,"(0.0356, 0.3359)",r,94.29515180503411,rt,6
715,id121,53,w,"(0.6035, 0.8151)",r,7.76731623979887,nw,18
270,id121,32,w,"(0.6194, 0.4924)",r,56.949122611995705,nw,2
280,id122,59,m,"(0.4892, 0.9379)",r,78.67985359798017,w,27
272,id122,33,w,"(0.0837, 0.1338)",s,76.04903936523247,w,43
689,id122,72,m,"(0.6755, 0.2925)",r,41.40522643477584,rt,8
716,id122,42,w,"(0.0176, 0.4886)",r,6.036015942283556,w,21
720,id123,24,w,"(0.0769, 0.4909)",r,6.616400474197069,st,20
273,id123,20,w,"(0.8912, 0.758)",r,10.726054788213823,st,24
282,id123,27,m,"(0.206, 0.1846)",r,13.63972969265005,nw,2
695,id123,43,m,"(0.4229, 0.0275)",s,21.868762372675064,w,38
696,id124,68,m,"(0.4285, 0.5007)",r,71.50975823764108,rt,7
276,id124,62,w,"(0.0931, 0.1704)",r,23.967564199147297,w,28
724,id124,84,w,"(0.5904, 0.0721)",r,91.63465494702021,rt,3
283,id124,55,m,"(0.7197, 0.1088)",s,31.9096664324119,nw,15
285,id125,25,m,"(0.1198, 0.5077)",r,64.57096842182155,nw,5
698,id125,82,m,"(0.9585, 0.6668)",r,74.09504847093905,rt,2
725,id125,98,w,"(0.9049, 0.2281)",r,42.78316446233582,rt,2
289,id126,72,m,"(0.8283, 0.0209)",r,83.01012232368795,rt,2
284,id126,92,w,"(0.9803, 0.9158)",h,25.089504098266005,rt,0
702,id126,28,m,"(0.186, 0.9823)",r,1.4162755034132224,nw,4
728,id126,21,w,"(0.0891, 0.8511)",r,96.84774705967504,st,12
703,id127,45,m,"(0.4511, 0.2511)",r,50.7325633228071,nw,4
288,id127,45,w,"(0.4132, 0.623)",r,32.52556124498295,nw,5
735,id127,57,w,"(0.8052, 0.052)",r,25.234753196628304,nw,18
290,id127,41,m,"(0.994, 0.0212)",r,44.31767715865145,nw,19
707,id128,46,m,"(0.9966, 0.8819)",r,44.77719076502585,w,30
293,id128,23,w,"(0.5245, 0.2754)",h,60.4445710696075,st,27
291,id128,55,m,"(0.4097, 0.8697)",r,61.241971769944584,w,33
736,id128,36,w,"(0.9157, 0.7603)",r,10.69607790683741,nw,17
738,id129,85,w,"(0.8195, 0.7047)",r,64.5111302509575,rt,10
294,id129,52,w,"(0.1577, 0.0568)",r,10.340034818103527,nw,13
292,id129,57,m,"(0.2203, 0.2589)",h,88.588705690828,nw,0
708,id129,55,m,"(0.1481, 0.6942)",r,36.42042849328239,w,32
22,id13,78,w,"(0.6745, 0.672)",r,47.496530064901926,rt,8
916,id13,63,w,"(0.9718, 0.2793)",s,98.16969434277564,w,26
456,id13,29,w,"(0.3524, 0.1867)",r,68.68421228297476,w,20
470,id13,41,m,"(0.7006, 0.3109)",r,58.831266444087596,nw,6
840,id13,37,m,"(0.7951, 0.5421)",r,33.770373613207205,nw,20
41,id13,67,m,"(0.0434, 0.9649)",r,96.93149102664555,rt,10
717,id130,18,m,"(0.5254, 0.9383)",r,98.14129757749714,st,23
739,id130,23,w,"(0.5143, 0.8298)",r,0.1525940208523369,st,10
718,id131,79,m,"(0.8807, 0.1122)",r,41.18912200507971,rt,7
298,id131,23,w,"(0.7734, 0.0743)",h,94.34751091413345,st,26
295,id131,22,m,"(0.7176, 0.3004)",r,15.875154599331202,st,12
741,id131,55,w,"(0.2076, 0.4342)",r,87.82832336363832,nw,7
301,id132,25,w,"(0.8766, 0.9011)",h,4.279577189696027,w,38
297,id132,38,m,"(0.5343, 0.2979)",s,46.99336406985949,w,22
742,id132,23,w,"(0.4753, 0.1766)",s,83.96036560270605,st,24
719,id132,31,m,"(0.2366, 0.7066)",r,75.7594530128017,nw,15
305,id133,60,w,"(0.1007, 0.5815)",s,67.27030909428325,w,44
748,id133,65,w,"(0.0735, 0.6305)",r,79.31345440430684,w,44
303,id133,57,m,"(0.5464, 0.8155)",r,59.17156085830597,nw,14
723,id133,34,m,"(0.1246, 0.2073)",r,52.00282726323452,nw,4
304,id134,84,m,"(0.6137, 0.8087)",r,72.10575350151778,rt,2
726,id134,81,m,"(0.96, 0.1291)",r,73.08874707360974,rt,7
750,id134,29,w,"(0.7216, 0.2719)",r,14.12078380682318,nw,13
308,id134,58,w,"(0.9902, 0.8682)",r,25.982241616620932,nw,18
729,id135,34,m,"(0.6818, 0.5774)",r,37.39505387443037,w,37
752,id135,35,w,"(0.7968, 0.6938)",r,34.54481856656537,w,25
310,id135,59,w,"(0.372, 0.9392)",s,57.33088922032973,w,45
307,id135,78,m,"(0.4793, 0.0324)",s,75.19237754770637,rt,8
309,id136,56,m,"(0.3276, 0.8472)",i,17.647629373712213,nw,15
311,id136,47,w,"(0.344, 0.2144)",r,25.555497544621318,w,35
754,id136,74,w,"(0.9057, 0.8676)",r,4.586594274539301,rt,7
730,id136,29,m,"(0.319, 0.8611)",r,40.74786506793707,nw,11
312,id137,93,m,"(0.0362, 0.619)",r,54.12348093356323,rt,1
758,id137,75,w,"(0.0694, 0.3957)",r,7.376609805179425,rt,2
734,id137,20,m,"(0.5879, 0.2302)",r,77.0104931409909,st,22
759,id138,64,w,"(0.0207, 0.5431)",r,65.39196404386777,nw,1
316,id138,68,m,"(0.805, 0.891)",r,15.724617690952732,rt,3
737,id138,90,m,"(0.7365, 0.2127)",r,72.9170599186251,rt,5
740,id139,62,m,"(0.4206, 0.6398)",r,41.8716088519966,nw,9
313,id139,90,w,"(0.7951, 0.8239)",r,75.27442410311289,rt,9
472,id14,41,m,"(0.7712, 0.3536)",r,44.02779903209768,nw,2
841,id14,20,m,"(0.1584, 0.6473)",r,85.44814211580466,st,28
917,id14,49,w,"(0.4288, 0.4241)",r,51.39429194755675,w,22
43,id14,39,m,"(0.333, 0.7401)",r,39.79978826075966,w,23
457,id14,49,w,"(0.9615, 0.6418)",r,8.960248846690833,nw,3
23,id14,26,w,"(0.7861, 0.8271)",r,90.0692262325442,nw,17
317,id140,91,m,"(0.473, 0.7397)",r,47.130965492381165,rt,7
760,id140,22,w,"(0.3961, 0.634)",r,59.808155212391924,st,11
314,id140,30,w,"(0.6138, 0.6825)",r,60.75542135468568,nw,8
318,id141,50,w,"(0.1352, 0.5277)",s,58.77009841209913,w,27
321,id141,62,m,"(0.3882, 0.8845)",r,37.86762362746943,w,25
761,id141,36,w,"(0.6024, 0.6265)",r,52.20360417386987,nw,9
743,id141,25,m,"(0.2278, 0.0199)",r,57.139146936800906,nw,5
323,id142,31,m,"(0.381, 0.1648)",r,14.953739154046419,nw,13
744,id142,72,m,"(0.4707, 0.6263)",s,34.084674076623315,rt,0
745,id143,90,m,"(0.0611, 0.1836)",s,92.32672607481473,rt,0
320,id143,85,w,"(0.2786, 0.3307)",r,46.87243018408738,rt,5
326,id143,72,m,"(0.3737, 0.0537)",r,38.531452803380304,rt,3
775,id144,92,w,"(0.2794, 0.1258)",r,99.18219592060252,rt,5
746,id144,39,m,"(0.089, 0.7605)",r,18.658431551849898,nw,19
322,id144,31,w,"(0.0086, 0.4004)",s,48.74597088544108,nw,12
327,id144,47,m,"(0.8724, 0.0036)",h,80.4677696733627,nw,19
328,id145,65,m,"(0.7353, 0.1877)",r,75.03524728153263,nw,8
324,id145,62,w,"(0.1898, 0.8709)",i,7.010996998415985,nw,4
777,id145,18,w,"(0.8625, 0.7849)",r,29.210579234762328,st,20
747,id145,48,m,"(0.6885, 0.2108)",s,33.460030957741886,w,36
749,id146,88,m,"(0.6537, 0.5721)",r,55.29102504777959,rt,4
778,id146,81,w,"(0.8859, 0.7763)",r,53.21491086299223,rt,8
330,id146,66,m,"(0.6897, 0.2774)",r,36.446068955764154,rt,5
329,id146,97,w,"(0.0477, 0.6591)",r,52.11607177388083,rt,7
331,id147,49,m,"(0.2225, 0.6714)",r,55.187526559731495,w,40
334,id147,73,w,"(0.1335, 0.1928)",r,73.89409111575331,rt,10
780,id147,41,w,"(0.9973, 0.4975)",r,17.708413062269035,w,35
751,id147,66,m,"(0.896, 0.4396)",r,58.62437310878772,rt,9
336,id148,37,w,"(0.1907, 0.2679)",r,14.064931267952296,w,30
333,id148,55,m,"(0.8542, 0.3502)",r,85.91704543745034,w,41
753,id148,61,m,"(0.6809, 0.6457)",s,87.72929326562453,nw,0
339,id149,69,w,"(0.8395, 0.648)",r,64.83450424940074,rt,4
337,id149,81,m,"(0.6247, 0.3388)",r,48.62388448679551,rt,8
781,id149,57,w,"(0.8681, 0.0398)",r,86.73975507261318,w,43
755,id149,46,m,"(0.0073, 0.5706)",r,88.76595346953124,nw,9
27,id15,97,w,"(0.9425, 0.9684)",r,55.859657223122575,rt,3
918,id15,21,w,"(0.9484, 0.4391)",r,60.386987919871984,st,25
473,id15,37,m,"(0.8364, 0.0214)",h,85.30168925847792,nw,0
842,id15,52,m,"(0.1523, 0.1454)",r,4.623620130589745,nw,20
45,id15,81,m,"(0.0888, 0.5368)",r,76.45609296536631,rt,5
338,id150,46,m,"(0.4493, 0.4339)",h,35.17591362911779,w,39
340,id150,41,w,"(0.2854, 0.6404)",r,42.172651397931425,w,31
785,id150,52,w,"(0.9262, 0.4229)",r,43.131585640023125,w,32
786,id151,99,w,"(0.6705, 0.237)",r,85.21330642872711,rt,8
756,id151,52,m,"(0.0388, 0.2924)",r,59.415128971146025,nw,19
342,id151,66,w,"(0.3839, 0.2319)",r,38.766999049045715,rt,2
345,id151,25,m,"(0.1212, 0.0359)",r,73.79564511305054,nw,11
346,id152,29,m,"(0.4343, 0.6465)",r,78.8185676629178,nw,13
344,id152,98,w,"(0.9369, 0.9765)",r,58.50689971879117,rt,7
757,id152,45,m,"(0.586, 0.7327)",r,22.093472167197152,w,31
788,id152,62,w,"(0.2133, 0.8212)",r,37.00015161056906,nw,14
762,id153,64,m,"(0.638, 0.0746)",r,23.833379444991184,nw,14
347,id153,57,w,"(0.0146, 0.347)",r,39.99034410287884,nw,1
348,id153,34,m,"(0.4951, 0.5436)",r,52.315360620900364,w,23
789,id153,72,w,"(0.0282, 0.2501)",r,34.24754181003302,rt,5
764,id154,98,m,"(0.6406, 0.1049)",r,64.23402207536749,rt,7
349,id154,42,w,"(0.0421, 0.9111)",r,15.314235121810684,w,31
790,id154,56,w,"(0.385, 0.7275)",r,66.49068066958301,nw,2
350,id155,83,w,"(0.7536, 0.9652)",r,57.97235538355391,rt,5
765,id155,56,m,"(0.1016, 0.6548)",r,61.137905864071286,nw,3
795,id155,74,w,"(0.8473, 0.1988)",r,92.7481787926323,rt,4
351,id155,77,m,"(0.4628, 0.1455)",r,61.11328358300294,rt,5
352,id156,25,m,"(0.0212, 0.172)",s,62.67929581987177,w,23
354,id156,52,w,"(0.8086, 0.8927)",r,46.72956912708819,w,29
766,id157,82,m,"(0.9689, 0.1032)",r,76.39533464899226,rt,5
353,id157,46,m,"(0.113, 0.8306)",s,66.2539737064053,w,34
360,id157,44,w,"(0.5484, 0.548)",r,46.5214385508489,w,22
798,id157,57,w,"(0.0182, 0.7113)",r,36.292647127776966,nw,11
800,id158,53,w,"(0.9793, 0.142)",s,23.1249136095812,w,39
767,id158,92,m,"(0.6095, 0.8278)",r,93.27025936821906,rt,5
357,id158,20,m,"(0.8373, 0.5699)",s,77.61752495012456,st,13
361,id158,66,w,"(0.4248, 0.7776)",r,10.655855150063799,rt,10
358,id159,60,m,"(0.3439, 0.281)",i,28.935103369059384,w,21
365,id159,88,w,"(0.4018, 0.6669)",h,70.87063593334099,rt,3
803,id159,40,w,"(0.7828, 0.1191)",r,97.13762351609728,nw,16
845,id16,64,m,"(0.6533, 0.7558)",r,97.00220786901895,w,23
475,id16,42,m,"(0.1032, 0.8788)",h,52.430063258601876,w,24
921,id16,73,w,"(0.8879, 0.5319)",r,49.981680190507895,rt,2
32,id16,95,w,"(0.1634, 0.1754)",r,88.12518654720746,rt,5
459,id16,55,w,"(0.3635, 0.207)",r,18.42560977307971,nw,11
46,id16,33,m,"(0.3135, 0.4974)",r,26.673293240805627,nw,14
769,id160,38,m,"(0.9068, 0.0921)",r,93.05802262820522,w,20
806,id160,98,w,"(0.5276, 0.943)",s,61.372944091046435,rt,0
363,id161,48,m,"(0.0962, 0.9767)",r,24.129093871929218,nw,13
366,id161,61,w,"(0.9909, 0.6564)",r,5.38160470602622,nw,5
809,id161,49,w,"(0.6611, 0.7833)",r,9.68436361853824,w,32
770,id161,70,m,"(0.266, 0.2416)",s,44.48593497663682,rt,0
367,id162,100,m,"(0.7625, 0.9087)",r,65.77999892192727,rt,3
771,id162,53,m,"(0.5405, 0.9398)",r,92.41800613125118,nw,16
371,id162,31,w,"(0.1746, 0.6337)",r,23.92458341855206,w,24
818,id162,30,w,"(0.0735, 0.7747)",s,20.751172237173268,nw,0
368,id163,62,m,"(0.9513, 0.562)",r,54.95223494753664,w,34
820,id163,30,w,"(0.4573, 0.6793)",r,57.18978749339963,nw,5
373,id163,38,w,"(0.5019, 0.0453)",h,38.64909418696773,w,44
772,id163,23,m,"(0.6235, 0.6761)",r,83.7760966613638,st,20
374,id164,78,w,"(0.3895, 0.6578)",r,66.66772999384159,rt,4
773,id164,83,m,"(0.672, 0.3097)",r,94.37534070054163,rt,10
369,id164,96,m,"(0.8768, 0.2511)",h,55.09564033113125,rt,0
826,id165,35,w,"(0.7196, 0.0014)",r,67.0419624945196,w,43
779,id165,100,m,"(0.2921, 0.691)",r,88.98061461003223,rt,8
380,id165,81,w,"(0.5877, 0.7688)",h,53.60695516265708,rt,0
370,id165,74,m,"(0.0542, 0.9281)",r,3.4655462292729435,rt,1
783,id166,32,m,"(0.4774, 0.1202)",r,61.9848758384873,nw,6
382,id166,23,w,"(0.42, 0.7239)",h,48.52780359042024,st,20
831,id166,24,w,"(0.2016, 0.4215)",s,55.312171085341426,st,26
372,id166,42,m,"(0.4946, 0.3871)",r,63.639473083681864,nw,9
835,id167,46,w,"(0.5067, 0.63)",r,31.560731543477957,w,44
376,id167,54,m,"(0.8488, 0.5906)",r,52.94726748112849,w,22
784,id167,60,m,"(0.2277, 0.384)",r,37.295952746795976,nw,7
384,id167,21,w,"(0.2092, 0.3009)",r,58.44404232069393,st,13
838,id168,91,w,"(0.1381, 0.3761)",r,51.04156107367093,rt,2
378,id168,37,m,"(0.7618, 0.5109)",r,13.835903622965693,nw,11
387,id168,77,w,"(0.0169, 0.8072)",r,9.193145366102303,rt,9
843,id169,22,w,"(0.8095, 0.356)",r,69.28753228207815,st,24
388,id169,71,w,"(0.3703, 0.9565)",r,6.467937735428941,rt,2
791,id169,23,m,"(0.6142, 0.0141)",r,69.67559762860857,st,25
381,id169,55,m,"(0.4706, 0.115)",h,91.09006761689388,w,28
33,id17,42,w,"(0.1406, 0.9445)",r,73.58402990539467,nw,9
49,id17,97,m,"(0.9372, 0.8151)",r,80.59432636382712,rt,7
922,id17,90,w,"(0.7031, 0.8174)",r,73.80975729787536,rt,10
848,id17,74,m,"(0.4549, 0.3842)",r,46.940803442988965,rt,1
461,id17,68,w,"(0.5291, 0.1566)",s,58.152313830741626,rt,6
476,id17,56,m,"(0.5035, 0.4407)",r,76.48594773685005,nw,15
844,id170,51,w,"(0.4535, 0.2884)",r,60.23899036973799,nw,2
389,id170,39,w,"(0.2988, 0.6946)",s,26.94267597675085,nw,14
792,id170,70,m,"(0.5198, 0.5957)",r,47.57577997707096,rt,5
385,id170,78,m,"(0.0563, 0.7043)",r,90.779763367645,rt,7
797,id171,97,m,"(0.3254, 0.642)",r,80.1712283437187,rt,5
847,id171,77,w,"(0.1773, 0.055)",r,34.25947806095895,rt,3
392,id171,64,w,"(0.7793, 0.8327)",r,42.50179514772325,nw,17
393,id171,37,m,"(0.6679, 0.3332)",r,13.781672954874937,nw,7
799,id172,34,m,"(0.6011, 0.8556)",r,77.02493137671314,w,38
398,id172,35,w,"(0.1122, 0.3528)",i,19.654966067744024,w,23
394,id172,38,m,"(0.474, 0.2614)",i,18.273783994159277,w,34
850,id172,81,w,"(0.4504, 0.6358)",r,98.42040619257054,rt,8
851,id173,78,w,"(0.5178, 0.9803)",r,25.737842186892816,rt,10
801,id173,47,m,"(0.1402, 0.5194)",r,0.18204182469665486,w,34
400,id173,84,w,"(0.0911, 0.4944)",r,45.54192463357289,rt,4
395,id173,48,m,"(0.1489, 0.9168)",r,26.674926792188963,w,31
406,id174,50,w,"(0.5322, 0.7174)",r,71.91848454201755,nw,8
396,id174,95,m,"(0.8984, 0.0751)",r,51.42612083067885,rt,6
853,id174,96,w,"(0.9195, 0.8524)",r,86.97560176322273,rt,8
804,id174,72,m,"(0.2321, 0.7587)",r,67.47516888108782,rt,3
858,id175,69,w,"(0.3905, 0.6746)",s,88.30274590545775,rt,0
805,id175,52,m,"(0.9912, 0.8518)",r,20.492060479648053,w,38
407,id175,75,w,"(0.8198, 0.0617)",r,67.25798934096055,rt,3
401,id175,59,m,"(0.9766, 0.3756)",r,89.80003573224835,w,25
402,id176,89,m,"(0.8999, 0.7681)",h,48.5110959005465,rt,0
862,id176,61,w,"(0.1508, 0.5732)",r,97.25344117217615,w,27
807,id176,18,m,"(0.3923, 0.3779)",r,22.138313553882018,st,13
408,id176,33,w,"(0.2745, 0.0555)",r,31.137037968424817,nw,18
403,id177,71,m,"(0.2149, 0.552)",h,45.07230792655946,rt,0
863,id177,76,w,"(0.4068, 0.7006)",r,11.757588318948473,rt,2
808,id177,77,m,"(0.6408, 0.9182)",r,99.02410630475653,rt,4
410,id177,72,w,"(0.0723, 0.9051)",r,57.55768796791157,rt,3
864,id178,64,w,"(0.0396, 0.627)",r,40.291480287852266,nw,8
810,id178,40,m,"(0.2772, 0.6028)",r,62.71598602877185,w,41
409,id178,63,m,"(0.1155, 0.2105)",s,83.79355901160078,w,41
414,id178,85,w,"(0.9226, 0.4952)",r,81.08971058276639,rt,9
411,id179,24,m,"(0.1977, 0.4)",s,58.08654264627844,st,13
812,id179,44,m,"(0.5452, 0.1821)",r,98.63249417394064,w,29
415,id179,52,w,"(0.8055, 0.7337)",s,51.81416040495077,w,21
852,id18,33,m,"(0.1157, 0.5985)",r,47.53586538259875,nw,7
463,id18,51,w,"(0.6498, 0.9764)",h,58.666184488504875,w,25
926,id18,52,w,"(0.0181, 0.1361)",r,42.88324516498425,w,37
50,id18,74,m,"(0.4215, 0.1533)",r,15.077755309878786,rt,8
35,id18,64,w,"(0.5841, 0.3802)",r,77.19476847297616,w,32
869,id180,70,w,"(0.3663, 0.9663)",r,76.32738084230844,rt,8
813,id180,82,m,"(0.7395, 0.6711)",s,67.1114261258942,rt,0
416,id180,19,w,"(0.3995, 0.5918)",s,64.219643654463,st,30
418,id180,40,m,"(0.8799, 0.322)",i,15.881080795565053,nw,6
872,id181,59,w,"(0.6322, 0.309)",r,66.65777415330695,w,33
419,id181,61,m,"(0.1156, 0.4501)",i,58.967525612853535,w,40
417,id181,23,w,"(0.651, 0.4713)",r,73.85499873881737,st,18
420,id182,28,w,"(0.2072, 0.5131)",r,16.938323841002877,w,34
421,id182,86,m,"(0.8844, 0.9087)",r,52.871639668589495,rt,3
873,id182,62,w,"(0.9678, 0.0889)",r,40.909170101759884,w,31
815,id182,29,m,"(0.6645, 0.5382)",s,45.42763357406342,nw,15
816,id183,55,m,"(0.7175, 0.3712)",r,56.01969919684797,w,37
874,id183,82,w,"(0.5011, 0.1677)",r,60.10796051852317,rt,8
424,id183,45,w,"(0.7016, 0.8932)",h,60.406234932283084,w,24
426,id183,83,m,"(0.5335, 0.9189)",r,82.80634553906395,rt,6
428,id184,74,m,"(0.5317, 0.8572)",r,58.49155524338527,rt,2
875,id184,45,w,"(0.5476, 0.7434)",s,26.812516768493744,nw,0
817,id184,42,m,"(0.9152, 0.7315)",r,71.51144833057509,nw,7
425,id184,64,w,"(0.5409, 0.2938)",r,41.952128972539775,nw,18
432,id185,61,m,"(0.8663, 0.0585)",r,14.16071265813038,nw,20
879,id185,90,w,"(0.2415, 0.6295)",r,71.15620372187654,rt,1
819,id185,58,m,"(0.7111, 0.2366)",r,18.30739996028758,w,31
427,id185,70,w,"(0.1931, 0.1592)",r,52.35380812308861,rt,9
436,id186,92,m,"(0.8189, 0.3863)",r,49.298109332673405,rt,6
880,id186,81,w,"(0.9833, 0.973)",r,81.39821590574712,rt,2
429,id186,19,w,"(0.1251, 0.7338)",i,28.562805847955183,st,19
481,id19,97,m,"(0.4007, 0.5019)",s,35.796153144578795,rt,9
465,id19,59,w,"(0.6809, 0.8717)",r,19.29198708136432,nw,8
823,id2,80,m,"(0.4102, 0.2381)",r,92.08234314424317,rt,7
1,id2,78,w,"(0.771, 0.5986)",r,25.891424766855206,rt,10
440,id2,28,m,"(0.0614, 0.592)",r,6.405242709009621,w,25
8,id2,56,m,"(0.126, 0.9633)",r,53.64567932687942,w,44
431,id2,66,w,"(0.8495, 0.935)",r,38.207804948564714,rt,6
38,id20,70,w,"(0.1607, 0.8181)",r,56.40730590996015,rt,10
854,id20,45,m,"(0.5165, 0.923)",r,18.71274353979494,nw,1
51,id20,71,m,"(0.093, 0.912)",r,4.613057213391036,rt,7
484,id20,20,m,"(0.9511, 0.9307)",s,68.98418599709693,st,25
471,id20,18,w,"(0.178, 0.0447)",s,79.72169241127307,st,27
42,id21,19,w,"(0.8336, 0.9398)",r,99.10451811209326,st,17
52,id21,65,m,"(0.9455, 0.0051)",r,28.356835844991245,nw,4
488,id21,53,m,"(0.5362, 0.4023)",h,11.58684777061273,w,30
479,id21,50,w,"(0.562, 0.7641)",h,17.156512431845382,w,33
857,id22,80,m,"(0.9236, 0.8146)",r,63.21205216903868,rt,1
53,id22,64,m,"(0.219, 0.418)",r,67.72729922872898,w,29
490,id22,18,m,"(0.4315, 0.3293)",r,52.34942831687807,st,11
44,id22,89,w,"(0.8524, 0.7804)",r,78.69852343847555,rt,9
859,id23,60,m,"(0.22, 0.9863)",s,0.17781182858455086,nw,0
54,id23,41,m,"(0.4741, 0.5554)",r,12.99284137660266,w,26
492,id23,67,m,"(0.7375, 0.8094)",h,21.001842015702564,rt,0
480,id23,54,w,"(0.9141, 0.0422)",i,35.60724403383325,nw,15
861,id24,35,m,"(0.7744, 0.7794)",r,87.33070595237098,w,28
482,id24,20,w,"(0.3898, 0.9629)",r,59.35087208376614,st,24
47,id24,32,w,"(0.7803, 0.2528)",r,5.099418439133596,w,44
496,id24,43,m,"(0.9665, 0.3844)",r,17.175696071312952,nw,13
485,id25,96,w,"(0.0968, 0.1946)",h,96.6014012104837,rt,0
866,id25,83,m,"(0.7576, 0.6489)",r,48.75786035244507,rt,10
498,id25,50,m,"(0.0915, 0.4902)",r,11.638569072491178,nw,11
56,id25,90,w,"(0.5078, 0.6522)",r,53.889817572802166,rt,7
499,id26,79,m,"(0.9313, 0.0395)",s,98.5864664670057,rt,0
486,id26,63,w,"(0.9839, 0.5879)",r,49.24181484875944,w,40
868,id26,38,m,"(0.7221, 0.2866)",r,44.60923179634826,nw,18
57,id26,63,w,"(0.5986, 0.8256)",r,86.53019243134175,nw,18
487,id27,38,w,"(0.0335, 0.5104)",r,75.5333587636483,nw,6
500,id27,99,m,"(0.0553, 0.634)",r,42.94714786103507,rt,2
59,id28,64,w,"(0.4487, 0.9264)",r,87.1155762303097,w,32
62,id28,74,m,"(0.124, 0.7617)",r,40.42990396406627,rt,2
871,id28,25,m,"(0.0733, 0.6593)",r,64.65037769053353,nw,15
501,id28,78,m,"(0.2663, 0.8621)",r,36.43794892340158,rt,3
502,id29,67,m,"(0.8514, 0.8974)",r,59.33629927855753,rt,2
65,id29,92,m,"(0.1526, 0.6306)",r,76.02286313409552,rt,9
60,id29,94,w,"(0.7662, 0.3454)",r,87.3987964088863,rt,5
876,id29,25,m,"(0.0878, 0.363)",r,13.957968026103993,w,32
3,id3,31,w,"(0.8077, 0.5635)",r,69.72884132133278,nw,17
433,id3,73,w,"(0.8525, 0.6679)",r,58.25028597929499,rt,3
13,id3,87,m,"(0.3231, 0.8538)",r,57.20345626829595,rt,6
442,id3,65,m,"(0.0725, 0.9507)",h,71.8558141959989,w,40
827,id3,70,m,"(0.67, 0.8514)",r,81.31728473584633,rt,3
888,id3,66,w,"(0.6586, 0.092)",r,37.40961767946511,rt,1
497,id30,59,w,"(0.9361, 0.8481)",r,57.78039158039484,nw,3
67,id30,96,m,"(0.3784, 0.2786)",s,56.84712362561085,rt,10
61,id30,32,w,"(0.3651, 0.7704)",r,56.57845568810811,nw,17
877,id30,47,m,"(0.3808, 0.6944)",r,53.5021457513464,nw,17
503,id30,91,m,"(0.6913, 0.0034)",r,94.65360588582148,rt,6
881,id31,79,m,"(0.1552, 0.0475)",r,81.71783978271806,rt,10
68,id31,71,m,"(0.2808, 0.8329)",h,38.012569789666436,rt,0
505,id31,21,w,"(0.2262, 0.2901)",r,63.97186366236392,st,19
63,id31,58,w,"(0.6602, 0.8773)",r,6.179901361286588,nw,19
504,id31,41,m,"(0.5567, 0.9361)",r,98.31338770427038,w,25
883,id32,87,m,"(0.5101, 0.5673)",s,33.35671882179993,rt,0
70,id32,68,m,"(0.4447, 0.1401)",r,27.813448476234502,rt,9
66,id32,63,w,"(0.7577, 0.8396)",s,77.9620614300064,w,42
506,id32,41,m,"(0.9602, 0.1487)",s,74.26300435201578,w,45
507,id32,90,w,"(0.3765, 0.0179)",r,92.87458435050486,rt,9
69,id33,92,w,"(0.0578, 0.2105)",i,72.80372677076686,rt,6
884,id33,38,m,"(0.771, 0.1485)",r,11.301613721237857,nw,12
508,id33,70,w,"(0.6777, 0.4162)",r,30.16076674360165,rt,1
509,id33,55,m,"(0.1836, 0.5711)",s,57.792652267020664,w,42
71,id33,77,m,"(0.0897, 0.7853)",h,90.86347827575617,rt,0
511,id34,76,m,"(0.977, 0.5246)",r,67.71861763012268,rt,5
74,id34,61,w,"(0.3358, 0.2797)",r,68.06205947520002,nw,1
72,id34,52,m,"(0.8595, 0.5113)",s,71.353078066201,w,38
885,id34,21,m,"(0.317, 0.9843)",r,33.38253975576209,st,27
75,id35,38,w,"(0.8433, 0.5765)",h,58.402251007974684,w,30
510,id35,52,w,"(0.3943, 0.9437)",r,46.60521963676174,nw,16
78,id35,77,m,"(0.9756, 0.9658)",h,38.636593284143174,rt,0
512,id35,27,m,"(0.7222, 0.5887)",r,41.174498282835536,w,27
886,id35,53,m,"(0.7989, 0.6863)",r,40.8154828912275,w,37
513,id36,57,m,"(0.87, 0.3919)",r,14.656035760396858,w,29
514,id36,52,w,"(0.1878, 0.5919)",r,70.98469937403131,nw,9
892,id36,67,m,"(0.1262, 0.7053)",r,67.16886577762958,rt,8
79,id36,58,m,"(0.3946, 0.8663)",r,3.1756956326730146,w,31
77,id36,41,w,"(0.3612, 0.1245)",h,23.164208181828304,nw,10
520,id37,22,w,"(0.9319, 0.1032)",r,95.04534730360876,st,17
516,id37,69,m,"(0.3993, 0.3502)",r,14.794660854093436,rt,6
895,id37,20,m,"(0.0406, 0.5408)",r,82.70041153259984,st,14
80,id37,88,w,"(0.9991, 0.0056)",h,70.71693694535594,rt,0
82,id37,49,m,"(0.1574, 0.9856)",h,84.92626534234398,w,41
523,id38,60,w,"(0.0701, 0.6771)",r,31.6637503941262,w,35
897,id38,63,m,"(0.1861, 0.537)",r,38.528862302368246,nw,10
517,id38,81,m,"(0.9418, 0.8796)",s,14.867291218523135,rt,0
83,id38,27,m,"(0.9621, 0.6177)",r,39.0048075843579,nw,7
84,id39,27,w,"(0.4936, 0.5717)",r,0.09254351169790676,w,31
518,id39,62,m,"(0.0851, 0.1602)",s,22.755670302957792,w,33
87,id39,80,m,"(0.8912, 0.6578)",r,42.65458135228137,rt,6
528,id39,99,w,"(0.7348, 0.5186)",r,67.26217177310996,rt,2
898,id39,88,m,"(0.4027, 0.192)",r,74.55552070580808,rt,8
890,id4,72,w,"(0.9618, 0.1817)",r,77.94902560317746,rt,1
4,id4,70,w,"(0.3345, 0.0847)",r,53.46613090399399,rt,0
14,id4,82,m,"(0.8842, 0.6972)",r,80.86487753075112,rt,2
444,id4,58,m,"(0.1189, 0.9891)",h,81.83712489348369,nw,15
434,id4,98,w,"(0.2905, 0.5221)",r,63.77949945206141,rt,2
829,id4,94,m,"(0.0526, 0.5645)",r,43.09118589668446,rt,3
519,id40,80,m,"(0.9805, 0.1799)",r,58.17037429614841,rt,8
88,id40,49,m,"(0.5337, 0.6527)",r,42.48813002638641,nw,17
900,id40,36,m,"(0.9342, 0.9767)",r,2.9944795912584925,nw,2
85,id40,81,w,"(0.4301, 0.1053)",r,56.088999534222104,rt,4
521,id41,56,m,"(0.9254, 0.7577)",r,57.268904577669666,nw,12
89,id41,43,w,"(0.2786, 0.1684)",i,79.58976694288197,nw,9
531,id41,47,w,"(0.4941, 0.4272)",r,85.82243150451333,w,44
90,id42,24,m,"(0.9007, 0.5549)",r,97.31516827152595,st,22
522,id42,54,m,"(0.4623, 0.3178)",r,82.45220516261683,w,24
532,id42,55,w,"(0.073, 0.0843)",r,59.0417882483587,nw,11
902,id42,73,m,"(0.7433, 0.7351)",r,75.25761634859902,rt,10
535,id43,94,w,"(0.8409, 0.2574)",r,68.35965077456642,rt,6
99,id43,60,w,"(0.1375, 0.6463)",r,16.563566951893574,nw,16
904,id43,84,m,"(0.2529, 0.7423)",r,69.40729787724588,rt,10
524,id43,75,m,"(0.4899, 0.2691)",r,82.94257943860707,rt,4
92,id43,27,m,"(0.8333, 0.4843)",r,71.76821204666777,w,29
536,id44,77,w,"(0.1395, 0.3588)",r,26.48985458317288,rt,2
906,id44,80,m,"(0.6652, 0.8676)",r,91.49697281152473,rt,3
527,id44,62,m,"(0.9669, 0.1376)",r,62.70492616573037,w,31
93,id44,47,m,"(0.4522, 0.0824)",s,47.68310040940628,w,20
102,id44,48,w,"(0.0516, 0.5583)",r,55.24855388884589,w,45
95,id45,37,m,"(0.0989, 0.581)",r,80.48766426166029,nw,2
908,id45,76,m,"(0.3615, 0.0858)",r,72.23035389914243,rt,5
105,id45,86,w,"(0.2933, 0.8423)",s,25.616353556696247,rt,7
529,id45,41,m,"(0.6725, 0.9742)",r,32.74595033523876,nw,3
537,id45,26,w,"(0.7902, 0.3736)",r,58.90256825013106,w,35
96,id46,47,m,"(0.8173, 0.2335)",r,43.97377237325091,nw,7
106,id46,46,w,"(0.0207, 0.9895)",r,3.122166997228515,nw,6
540,id46,24,w,"(0.5321, 0.8004)",r,91.00203639257468,st,24
533,id46,48,m,"(0.8429, 0.062)",r,61.24706305980526,w,33
542,id47,71,w,"(0.8797, 0.7174)",r,87.63548909990764,rt,4
97,id47,63,m,"(0.0149, 0.1071)",h,65.02697580482605,w,26
910,id47,90,m,"(0.2284, 0.9842)",r,40.75543605776781,rt,6
107,id47,43,w,"(0.493, 0.102)",h,18.06391872746177,nw,0
538,id47,41,m,"(0.6184, 0.5692)",r,51.97432204218551,nw,9
539,id48,67,m,"(0.464, 0.4901)",s,34.25081517478916,rt,0
911,id48,26,m,"(0.6151, 0.1417)",r,97.3243401552855,w,37
98,id48,33,m,"(0.4067, 0.8792)",s,21.852504101313574,w,25
108,id48,75,w,"(0.4107, 0.7342)",r,15.587983349049363,rt,2
541,id49,94,m,"(0.1179, 0.8021)",r,76.91189766615956,rt,7
546,id49,48,w,"(0.2247, 0.838)",r,36.79584726241622,nw,19
100,id49,25,m,"(0.3489, 0.6906)",r,19.219795642607473,w,34
914,id49,34,m,"(0.9295, 0.884)",r,43.7978425010002,w,34
110,id49,21,w,"(0.0031, 0.6553)",r,89.16916772636175,st,26
437,id5,91,w,"(0.1463, 0.7029)",r,81.81516515381183,rt,3
5,id5,61,w,"(0.538, 0.3271)",r,35.53791658323601,w,29
894,id5,97,w,"(0.3453, 0.2468)",r,90.11910664469262,rt,7
15,id5,45,m,"(0.6826, 0.0304)",r,7.965290236326473,w,40
830,id5,80,m,"(0.4019, 0.5691)",s,45.55582236598787,rt,7
543,id50,23,m,"(0.0368, 0.7838)",r,87.34163533974797,st,25
101,id50,29,m,"(0.4965, 0.6481)",s,43.44975983116214,w,33
919,id50,27,m,"(0.6938, 0.6317)",r,90.47510454653681,nw,17
112,id50,76,w,"(0.6066, 0.8419)",r,56.1609588323503,rt,7
547,id50,43,w,"(0.5702, 0.1018)",r,79.31195187886804,nw,4
103,id51,72,m,"(0.2782, 0.1342)",r,37.8628481953543,rt,7
114,id51,27,w,"(0.205, 0.1294)",r,20.741233405966994,nw,7
544,id51,70,m,"(0.0651, 0.492)",r,88.44776361080089,rt,5
551,id51,55,w,"(0.2295, 0.8477)",r,15.958938916538692,w,37
923,id51,76,m,"(0.986, 0.8087)",r,55.572132175041325,rt,8
548,id52,100,m,"(0.3453, 0.5113)",s,88.9693466811966,rt,0
552,id52,77,w,"(0.1083, 0.8217)",r,64.98520576611942,rt,3
109,id52,70,m,"(0.1325, 0.0772)",r,28.029129356649285,rt,1
115,id52,77,w,"(0.492, 0.745)",r,77.19529918877946,rt,5
925,id52,35,m,"(0.6103, 0.0009)",r,93.38017430523324,nw,17
553,id53,44,w,"(0.0655, 0.2957)",r,12.705265872613278,nw,14
549,id53,25,m,"(0.7494, 0.2789)",r,16.33979295484029,w,38
111,id53,53,m,"(0.3857, 0.7594)",r,66.85683937002823,nw,13
116,id53,98,w,"(0.3258, 0.7582)",r,47.010409670238076,rt,10
556,id54,42,w,"(0.1993, 0.4548)",r,84.8500234822782,nw,3
113,id54,77,m,"(0.1622, 0.7242)",r,74.59686632064123,rt,8
550,id54,81,m,"(0.9273, 0.4439)",s,1.8304656773840526,rt,0
118,id54,90,w,"(0.1871, 0.6875)",h,91.39037111582383,rt,0
120,id55,69,w,"(0.2636, 0.5234)",r,69.42472886484386,rt,1
557,id55,77,w,"(0.1856, 0.092)",r,79.82989305474399,rt,7
119,id55,57,m,"(0.6055, 0.2291)",r,65.12059626184512,w,42
554,id55,67,m,"(0.7404, 0.0172)",r,49.41465270902707,rt,10
121,id56,52,m,"(0.903, 0.0119)",r,12.696941462904686,w,40
558,id56,28,w,"(0.713, 0.5098)",r,23.89851379108369,w,45
555,id56,48,m,"(0.5639, 0.8565)",s,99.40244340356158,w,40
122,id56,41,w,"(0.4935, 0.7871)",r,75.8361183668097,nw,13
125,id57,50,w,"(0.7676, 0.3117)",r,72.36062445582738,nw,3
123,id57,41,m,"(0.4873, 0.6422)",r,58.07516217193071,nw,3
559,id57,47,w,"(0.9922, 0.6626)",r,79.66173469959425,nw,3
561,id57,76,m,"(0.1161, 0.9817)",r,11.530996584345553,rt,3
560,id58,52,w,"(0.1281, 0.1142)",r,18.02425919327768,w,22
129,id58,25,w,"(0.0972, 0.0113)",r,45.18761424324497,nw,17
570,id58,56,m,"(0.5555, 0.2571)",r,41.093011526703464,nw,3
124,id58,69,m,"(0.4363, 0.2346)",i,25.34189127170209,rt,10
562,id59,23,w,"(0.9659, 0.0862)",r,67.41837785917667,st,28
126,id59,59,m,"(0.2909, 0.2019)",r,77.00820511043399,nw,5
131,id59,19,w,"(0.2258, 0.6193)",r,34.29840233942163,st,28
572,id59,78,m,"(0.4845, 0.7698)",r,99.67201242424433,rt,3
832,id6,59,m,"(0.314, 0.9555)",r,11.971636190333923,nw,4
17,id6,22,m,"(0.1999, 0.6644)",r,1.7025985928596719,st,26
896,id6,88,w,"(0.4676, 0.1246)",r,81.57469772311595,rt,7
449,id6,46,m,"(0.9746, 0.8376)",i,18.784880561351358,w,44
438,id6,56,w,"(0.0964, 0.3681)",h,82.88734431379146,w,32
6,id6,50,w,"(0.3525, 0.9625)",r,9.397323996095219,w,29
127,id60,88,m,"(0.4241, 0.9118)",h,87.71103858962309,rt,0
132,id60,76,w,"(0.5788, 0.532)",r,66.54647589827434,rt,1
574,id60,24,m,"(0.3472, 0.3643)",r,13.10352718714447,st,20
577,id61,50,m,"(0.7536, 0.9069)",r,10.235993885652585,w,28
130,id61,37,m,"(0.3611, 0.9967)",r,57.32776515125856,nw,13
134,id61,32,w,"(0.2165, 0.9557)",r,48.095815173322954,nw,4
563,id61,29,w,"(0.6, 0.4193)",r,70.57872291306799,nw,12
135,id62,19,w,"(0.8676, 0.2042)",s,56.05663895035019,st,15
133,id62,67,m,"(0.6199, 0.6586)",r,67.47927436902458,rt,8
564,id62,47,w,"(0.4514, 0.2561)",r,84.9390063885909,nw,14
578,id62,40,m,"(0.335, 0.8519)",r,61.87808725035096,nw,17
565,id63,75,w,"(0.0664, 0.5675)",r,68.29283365450985,rt,5
582,id63,84,m,"(0.2558, 0.7192)",r,56.089699222291614,rt,2
138,id63,25,m,"(0.0555, 0.0789)",r,31.23195757295573,w,31
136,id63,26,w,"(0.2338, 0.2285)",r,69.12425808400067,w,22
583,id64,56,m,"(0.8666, 0.3674)",r,43.699339154576045,nw,6
566,id64,60,w,"(0.2559, 0.525)",r,54.80053035713431,nw,9
585,id65,36,m,"(0.5262, 0.0174)",r,92.84295831422308,w,41
142,id65,47,m,"(0.2608, 0.8483)",h,81.79597735465555,w,21
567,id65,28,w,"(0.7647, 0.8825)",r,22.01923386378412,w,21
137,id65,71,w,"(0.0126, 0.3718)",r,7.793512372598843,rt,3
568,id66,23,w,"(0.335, 0.0934)",s,96.36981326323153,st,20
586,id66,59,m,"(0.2466, 0.6138)",r,25.673577822199427,w,36
139,id66,49,w,"(0.5339, 0.3173)",i,18.38074088154502,nw,19
143,id66,34,m,"(0.4583, 0.0209)",s,37.521334699252016,w,31
141,id67,20,w,"(0.2669, 0.4843)",r,49.174098276169396,st,16
587,id67,26,m,"(0.4423, 0.3237)",r,0.64755107202078,nw,1
569,id67,91,w,"(0.6823, 0.9165)",r,70.00108530820691,rt,10
144,id68,73,w,"(0.9109, 0.0203)",r,58.58823209670274,rt,10
147,id68,64,m,"(0.7074, 0.7724)",r,28.867051253397793,nw,9
588,id68,95,m,"(0.7688, 0.5399)",r,83.068159420646,rt,4
575,id68,49,w,"(0.8371, 0.5737)",r,49.36816778907194,nw,15
149,id69,54,m,"(0.6083, 0.5271)",r,78.99918560465844,w,21
589,id69,20,m,"(0.2098, 0.9026)",r,75.42317685913403,st,15
146,id69,71,w,"(0.3785, 0.2265)",i,41.116051796838136,rt,7
7,id7,90,w,"(0.4539, 0.7853)",r,82.9110711445895,rt,10
19,id7,70,m,"(0.0678, 0.4155)",r,93.67037458614594,rt,8
441,id7,59,w,"(0.4904, 0.2343)",h,97.27849452449207,nw,0
905,id7,75,w,"(0.7415, 0.718)",r,2.965308872536432,rt,9
452,id7,31,m,"(0.4006, 0.5796)",r,75.49540919583595,nw,10
833,id7,88,m,"(0.7259, 0.9365)",r,77.60446963540338,rt,1
579,id70,95,w,"(0.0138, 0.9963)",r,78.25659475956938,rt,10
148,id70,62,w,"(0.9243, 0.4978)",i,62.25705394932463,nw,15
154,id70,69,m,"(0.3887, 0.6065)",r,93.1093114768837,rt,1
593,id70,30,m,"(0.5334, 0.0934)",r,32.82046322607405,nw,19
151,id71,24,w,"(0.0305, 0.3263)",r,19.020147849192625,st,19
580,id71,47,w,"(0.6085, 0.6862)",r,73.88697037367534,nw,13
595,id72,21,m,"(0.9481, 0.0218)",r,83.1883875401852,st,18
152,id72,67,w,"(0.97, 0.9094)",r,59.1480191746286,rt,10
162,id72,29,m,"(0.9032, 0.5193)",s,21.65457623836392,w,45
584,id72,23,w,"(0.6148, 0.9472)",r,46.85586990528995,st,28
596,id73,19,m,"(0.1147, 0.1611)",r,19.58589633407971,st,19
591,id73,35,w,"(0.3988, 0.0834)",s,0.2522246524351069,w,42
163,id73,49,m,"(0.467, 0.1959)",r,75.83071266540527,nw,3
153,id73,29,w,"(0.1498, 0.9427)",r,30.192167267621514,w,21
601,id74,43,m,"(0.18, 0.3009)",s,22.994733239605292,nw,0
592,id74,24,w,"(0.9084, 0.9839)",r,42.05855727795552,st,17
158,id74,43,w,"(0.3567, 0.4397)",r,54.69730507466225,w,42
164,id74,66,m,"(0.2082, 0.9672)",r,61.11722188971888,rt,6
165,id75,39,w,"(0.04, 0.9247)",r,5.332925131065578,nw,1
167,id75,42,m,"(0.4029, 0.7263)",r,50.6505296739671,nw,4
602,id75,48,m,"(0.7548, 0.9602)",r,52.54184114912309,w,23
170,id76,62,m,"(0.5444, 0.4715)",r,22.360032667601487,w,25
594,id76,57,w,"(0.7352, 0.6742)",s,46.13248298821065,w,27
606,id76,68,m,"(0.3261, 0.1879)",r,97.4928266474327,rt,8
166,id76,63,w,"(0.7175, 0.12)",s,33.467731641809,w,42
171,id77,67,m,"(0.8046, 0.8518)",r,78.78650083736571,rt,7
611,id77,74,m,"(0.2546, 0.4091)",r,86.3435740565014,rt,4
597,id77,75,w,"(0.9431, 0.5461)",r,82.9377642306841,rt,8
612,id78,18,m,"(0.1514, 0.8978)",s,89.34928812665656,st,15
173,id78,37,m,"(0.9051, 0.3412)",i,39.44569604863768,nw,11
169,id78,43,w,"(0.3733, 0.296)",r,29.735374276820206,nw,18
598,id78,20,w,"(0.2181, 0.4194)",r,40.81015866972438,st,24
613,id79,34,m,"(0.3673, 0.0651)",r,93.88858933934786,w,21
172,id79,74,w,"(0.9622, 0.3606)",r,48.49385743603336,rt,2
175,id79,66,m,"(0.4893, 0.0647)",r,75.783573269394,rt,6
599,id79,34,w,"(0.7005, 0.865)",r,48.13867248058012,w,37
21,id8,66,m,"(0.2401, 0.6861)",r,47.78049010305712,rt,1
460,id8,35,m,"(0.8587, 0.1948)",s,60.91726757364319,nw,14
9,id8,93,w,"(0.4299, 0.9276)",r,43.41113889680385,rt,5
834,id8,50,m,"(0.7619, 0.338)",r,6.709257961766903,nw,16
443,id8,36,w,"(0.3186, 0.4787)",i,36.15164064611288,w,39
907,id8,35,w,"(0.8714, 0.0023)",r,80.23039855491146,w,25
603,id80,88,w,"(0.0772, 0.6608)",r,66.53573704587829,rt,10
178,id80,60,m,"(0.1392, 0.4145)",s,55.9466094592847,nw,11
174,id80,24,w,"(0.4073, 0.8252)",r,64.06036222466649,st,20
614,id80,65,m,"(0.4939, 0.2722)",i,75.8297289572848,nw,13
181,id81,47,w,"(0.0121, 0.8948)",r,72.89569005955155,w,45
180,id81,47,m,"(0.6801, 0.463)",r,54.812568108480534,nw,20
616,id81,53,m,"(0.1662, 0.5027)",r,50.49335451966222,nw,8
605,id81,66,w,"(0.7197, 0.4948)",s,61.009011309874474,rt,7
607,id82,19,w,"(0.666, 0.546)",r,53.59468047998821,st,13
182,id82,66,m,"(0.9105, 0.0313)",h,31.58219140621916,rt,0
617,id82,88,m,"(0.5535, 0.736)",r,87.95847179720863,rt,6
183,id82,35,w,"(0.1004, 0.1184)",r,36.54441753876659,w,45
620,id83,60,m,"(0.9674, 0.6602)",r,42.33882589102901,nw,14
184,id83,68,w,"(0.1652, 0.1091)",s,53.11474545004242,rt,8
610,id83,37,w,"(0.8724, 0.5055)",r,21.697638627497927,nw,17
186,id83,21,m,"(0.5192, 0.5508)",i,2.3392821044279084,st,20
623,id84,63,m,"(0.2911, 0.3047)",r,14.024183289741709,w,26
187,id84,65,w,"(0.1492, 0.3808)",h,12.889151944657895,w,36
624,id85,74,m,"(0.8708, 0.0253)",r,69.88294473197335,rt,4
192,id85,79,m,"(0.1922, 0.9198)",r,80.03003123946066,rt,7
615,id85,23,w,"(0.8547, 0.0068)",r,19.644880446872513,st,17
189,id85,42,w,"(0.3497, 0.6012)",r,33.39636235991183,w,30
193,id86,24,m,"(0.0945, 0.5527)",r,60.93793885367489,st,27
190,id86,54,w,"(0.0188, 0.2258)",h,47.31259324871853,nw,0
618,id86,77,w,"(0.523, 0.5634)",r,29.298846175829286,rt,6
628,id86,83,m,"(0.2093, 0.8989)",r,47.6889192311778,rt,10
191,id87,77,w,"(0.9428, 0.2941)",r,43.352067040019136,rt,10
619,id87,35,w,"(0.3199, 0.253)",s,63.97256052975549,w,32
196,id87,76,m,"(0.5348, 0.6589)",r,51.084467052513574,rt,10
630,id87,66,m,"(0.3595, 0.2826)",r,77.39110374659204,rt,10
194,id88,28,w,"(0.3945, 0.9576)",s,59.353710817855585,w,43
198,id88,61,m,"(0.7501, 0.7793)",r,67.85916050593434,nw,16
633,id88,22,m,"(0.3833, 0.7535)",r,65.23482949086261,st,17
621,id88,41,w,"(0.5241, 0.2856)",r,15.40006428146915,w,44
636,id89,55,m,"(0.2239, 0.1077)",r,12.922740699157364,w,24
195,id89,29,w,"(0.223, 0.2918)",r,24.753743437972133,nw,3
199,id89,23,m,"(0.8754, 0.3861)",i,29.555034120843985,st,24
625,id89,43,w,"(0.5177, 0.7198)",r,99.5312102559091,nw,14
10,id9,100,w,"(0.3232, 0.0052)",r,74.2022101810328,rt,4
836,id9,18,m,"(0.6015, 0.7155)",r,86.40540142854954,st,21
462,id9,78,m,"(0.7578, 0.6059)",r,55.50512671345245,rt,2
446,id9,79,w,"(0.8837, 0.8161)",h,76.17978460259826,rt,0
25,id9,24,m,"(0.6512, 0.8215)",r,2.8293059940056597,st,15
909,id9,78,w,"(0.4093, 0.1352)",r,66.6475692198748,rt,3
202,id90,72,m,"(0.7382, 0.9876)",r,34.363448478450614,rt,3
637,id90,77,m,"(0.497, 0.8305)",r,65.73823446703548,rt,3
626,id90,74,w,"(0.6659, 0.5522)",s,73.5940495432653,rt,0
197,id90,75,w,"(0.2823, 0.4128)",r,3.282861399636261,rt,1
627,id91,85,w,"(0.0591, 0.5579)",r,65.38351297292965,rt,3
638,id91,42,m,"(0.3783, 0.4868)",r,41.467609353503164,nw,11
201,id91,22,w,"(0.7996, 0.9026)",r,8.44216867405665,st,10
209,id91,66,m,"(0.4439, 0.8593)",r,52.569147413988155,rt,10
203,id92,52,w,"(0.2861, 0.1092)",r,65.50961006174774,nw,20
641,id92,71,m,"(0.0118, 0.6338)",r,46.885298639685516,rt,4
629,id92,75,w,"(0.6053, 0.3551)",r,19.040288338149374,rt,10
210,id92,63,m,"(0.7097, 0.9557)",i,56.04895560346767,nw,20
212,id93,27,m,"(0.3996, 0.9798)",r,43.16134897287107,w,21
204,id93,21,w,"(0.9645, 0.8622)",r,72.0606911547317,st,17
643,id93,53,m,"(0.9054, 0.4403)",r,90.01244070576017,nw,11
631,id93,61,w,"(0.7332, 0.4146)",r,64.92043254868088,w,32
205,id94,29,w,"(0.0696, 0.3537)",r,11.041921814023492,w,34
218,id94,54,m,"(0.0493, 0.6047)",r,26.893727613566607,w,31
634,id94,66,w,"(0.1206, 0.7111)",r,23.589203695537385,rt,6
206,id95,62,w,"(0.4764, 0.8546)",h,5.144797381727474,w,44
221,id95,66,m,"(0.0377, 0.3925)",r,47.88025487178473,rt,9
639,id95,89,w,"(0.5138, 0.7714)",s,30.07328859098643,rt,0
644,id95,20,m,"(0.5273, 0.9803)",r,87.04496264376064,st,25
640,id96,40,w,"(0.5742, 0.9548)",r,41.38838676331177,nw,17
224,id96,25,m,"(0.9474, 0.64)",r,50.58653577201453,nw,6
649,id96,28,m,"(0.0191, 0.3681)",r,87.00957249512639,w,28
652,id97,82,m,"(0.7049, 0.4627)",r,62.97081429434137,rt,6
207,id97,28,w,"(0.8477, 0.1805)",r,46.41717713056888,nw,8
226,id97,46,m,"(0.6153, 0.0345)",i,7.380110563962139,nw,12
654,id98,68,m,"(0.3005, 0.2399)",r,50.721627557203895,rt,6
208,id98,37,w,"(0.4802, 0.0507)",r,39.32773044668205,w,40
645,id98,39,w,"(0.9114, 0.3335)",s,79.56397961088588,nw,0
230,id98,73,m,"(0.8751, 0.7068)",r,1.1558555858680597,rt,8
231,id99,47,m,"(0.0126, 0.2596)",r,93.79590878247863,nw,20
656,id99,95,m,"(0.0251, 0.6044)",r,64.73945131756119,rt,3
647,id99,58,w,"(0.1271, 0.7431)",r,56.560390400512915,w,22
867,not in family,2,w,"(0.0068, 0.9519)",r,22.113628992373723,nst,9
924,not in family,17,w,"(0.7755, 0.7625)",r,21.912639624231634,st,17
30,not in family,15,w,"(0.343, 0.1419)",r,35.272892187149374,st,27
793,not in family,4,w,"(0.444, 0.9887)",r,25.72056340910293,nst,9
787,not in family,11,w,"(0.1523, 0.9251)",r,99.37314062548528,st,19
11,not in family,1,m,"(0.2736, 0.2462)",r,99.67884024839375,nst,9
870,not in family,1,w,"(0.0262, 0.3888)",r,20.479736386633405,nst,4
29,not in family,7,m,"(0.1197, 0.3117)",r,56.690316845133545,st,16
794,not in family,8,w,"(0.1692, 0.0606)",r,79.45323310971479,st,14
865,not in family,1,w,"(0.3931, 0.2637)",r,34.6960956889794,nst,5
920,not in family,10,m,"(0.5623, 0.9967)",r,86.84178155667433,st,26
2,not in family,2,m,"(0.6109, 0.6696)",r,48.11664385975164,nst,1
31,not in family,5,w,"(0.9924, 0.0401)",r,80.01215686070917,nst,9
28,not in family,10,w,"(0.0707, 0.5592)",r,53.27824311507249,st,27
860,not in family,3,w,"(0.9854, 0.2488)",r,94.64863691239024,nst,7
828,not in family,12,w,"(0.9123, 0.3651)",r,17.196143990087354,st,28
893,not in family,16,w,"(0.1131, 0.772)",r,6.998674083207144,st,27
824,not in family,16,m,"(0.6291, 0.5241)",r,43.71112694816334,st,13
822,not in family,12,m,"(0.5788, 0.115)",r,80.54920936180244,st,16
48,not in family,8,w,"(0.4126, 0.5197)",r,46.971136365600756,st,12
899,not in family,11,m,"(0.2063, 0.3544)",r,54.23988644200176,st,20
26,not in family,1,w,"(0.01, 0.1141)",r,92.22956905806805,nst,11
901,not in family,3,m,"(0.2158, 0.642)",s,40.1377571786503,nst,0
814,not in family,11,m,"(0.1235, 0.0417)",r,33.408600728174214,st,16
39,not in family,11,m,"(0.6937, 0.489)",r,30.150902896749542,st,19
811,not in family,8,m,"(0.3928, 0.5203)",r,33.558846601496974,st,30
846,not in family,7,w,"(0.1653, 0.5722)",r,42.15174881950556,st,17
55,not in family,12,w,"(0.8006, 0.2408)",r,76.6610890487084,st,12
24,not in family,1,w,"(0.2243, 0.0025)",r,94.86494885091982,nst,1
58,not in family,9,w,"(0.4839, 0.3338)",r,98.98181428106436,st,26
849,not in family,1,m,"(0.7523, 0.4147)",r,1.7848559064474687,nst,13
20,not in family,10,w,"(0.5658, 0.1112)",r,15.918006235942537,st,19
802,not in family,9,w,"(0.45, 0.0965)",r,18.261541686286265,st,11
891,not in family,9,m,"(0.9166, 0.9859)",r,63.065441296494335,st,20
825,not in family,16,m,"(0.6366, 0.0945)",r,99.86204122249552,st,23
889,not in family,16,w,"(0.0637, 0.0077)",r,0.059546111686625824,st,26
887,not in family,5,m,"(0.1157, 0.4242)",s,75.17475165362899,nst,0
64,not in family,15,w,"(0.3004, 0.7858)",r,12.820380887704887,st,26
855,not in family,5,w,"(0.8972, 0.604)",r,73.3330585653623,nst,3
856,not in family,15,m,"(0.157, 0.0358)",r,87.82922408673625,st,15
878,not in family,16,m,"(0.9395, 0.8289)",r,19.830881802590294,st,29
796,not in family,2,w,"(0.2342, 0.7672)",r,44.53386112213477,nst,7
37,not in family,4,m,"(0.2323, 0.3561)",r,46.17649441205332,nst,9
903,not in family,12,w,"(0.9555, 0.766)",r,13.466326084901922,st,15
341,not in family,17,w,"(0.0142, 0.536)",r,30.298404461343853,st,21
782,not in family,14,m,"(0.7909, 0.2691)",r,4.614869790037502,st,15
219,not in family,12,w,"(0.6856, 0.9578)",r,84.87749724662953,st,18
217,not in family,7,m,"(0.5124, 0.6452)",h,61.55585785414586,st,21
390,not in family,4,m,"(0.063, 0.1108)",r,35.36168209715278,nst,8
391,not in family,10,w,"(0.7237, 0.0329)",r,21.623485189590568,st,13
213,not in family,13,w,"(0.5732, 0.8809)",r,24.46630168631659,st,20
211,not in family,9,w,"(0.5428, 0.3051)",r,64.89101066982684,st,18
397,not in family,17,m,"(0.8172, 0.953)",r,38.09912756162592,st,18
399,not in family,3,m,"(0.2759, 0.064)",r,34.28706921050448,nst,3
404,not in family,9,w,"(0.7077, 0.5049)",r,15.473229424012324,st,11
405,not in family,17,w,"(0.8769, 0.3272)",i,24.690578121299954,st,17
200,not in family,13,w,"(0.9465, 0.0848)",r,73.87636794388459,st,22
412,not in family,16,m,"(0.1105, 0.6799)",i,39.37428442653448,st,26
413,not in family,16,m,"(0.579, 0.9184)",h,44.233780332858835,st,25
422,not in family,14,m,"(0.2674, 0.5732)",r,44.17289367657947,st,10
423,not in family,11,w,"(0.2199, 0.1722)",i,11.99364955852655,st,10
435,not in family,12,m,"(0.5154, 0.929)",i,2.757273431390084,st,18
445,not in family,13,w,"(0.9273, 0.3051)",r,76.34309192719364,st,21
483,not in family,16,w,"(0.5074, 0.6544)",r,18.053430608311384,st,26
478,not in family,10,w,"(0.6983, 0.0755)",r,19.799770999805755,st,15
477,not in family,17,w,"(0.7939, 0.1218)",r,32.1950945500373,st,26
179,not in family,11,w,"(0.1103, 0.4675)",r,55.53028457328989,st,10
474,not in family,11,w,"(0.7513, 0.4059)",r,73.43271490673922,st,19
469,not in family,6,m,"(0.0245, 0.3288)",r,41.12901282020379,nst,3
386,not in family,8,m,"(0.4722, 0.499)",r,50.64979976064793,st,29
467,not in family,16,w,"(0.2126, 0.0686)",h,42.44382443870418,st,29
188,not in family,12,w,"(0.022, 0.5112)",r,74.1539765646103,st,19
458,not in family,8,m,"(0.1077, 0.527)",r,22.932329197201287,st,13
455,not in family,3,m,"(0.9469, 0.6381)",r,61.23851048391925,nst,3
454,not in family,7,w,"(0.9054, 0.5565)",r,3.839712165572517,st,11
453,not in family,10,w,"(0.4288, 0.8448)",i,27.70795581034379,st,16
451,not in family,15,w,"(0.8805, 0.5878)",r,30.308645281581867,st,10
185,not in family,7,m,"(0.6109, 0.2821)",r,90.89953482054622,st,10
383,not in family,9,m,"(0.3896, 0.9085)",r,65.79512303507605,st,15
229,not in family,12,w,"(0.6831, 0.2773)",r,42.13239834274453,st,12
379,not in family,5,w,"(0.442, 0.133)",r,36.01452846927013,nst,2
359,not in family,7,m,"(0.97, 0.0555)",i,39.98065798681295,st,25
287,not in family,17,m,"(0.0939, 0.8671)",r,40.850188431283215,st,29
296,not in family,11,w,"(0.8257, 0.6347)",r,8.702555652175366,st,18
356,not in family,7,m,"(0.5493, 0.5078)",i,31.482494017120615,st,15
355,not in family,10,m,"(0.3613, 0.1897)",h,97.02279822080804,st,29
299,not in family,9,m,"(0.4441, 0.2343)",r,51.24637089556346,st,18
286,not in family,12,w,"(0.9826, 0.0293)",r,17.13329159193177,st,18
300,not in family,15,m,"(0.7416, 0.9452)",r,9.344969652363325,st,18
306,not in family,17,w,"(0.5508, 0.0241)",r,52.418193446763325,st,17
315,not in family,2,m,"(0.3795, 0.6965)",r,70.24111266515438,nst,9
319,not in family,6,m,"(0.8988, 0.0556)",r,19.994508367944764,nst,11
325,not in family,11,w,"(0.045, 0.6134)",s,81.45758081452595,st,16
332,not in family,14,m,"(0.2048, 0.8661)",h,24.271779554526926,st,15
335,not in family,2,w,"(0.4599, 0.9564)",r,96.41134316718245,nst,10
302,not in family,16,m,"(0.1465, 0.4081)",h,38.08177699797216,st,18
489,not in family,1,w,"(0.3942, 0.4527)",r,86.10599302206532,nst,3
281,not in family,3,m,"(0.6856, 0.5511)",r,26.83084671771127,nst,10
278,not in family,10,w,"(0.0139, 0.4629)",r,37.14605399957035,st,28
377,not in family,16,m,"(0.1013, 0.0213)",r,23.047013171635157,st,17
234,not in family,3,m,"(0.9113, 0.9884)",r,30.984254153063226,nst,12
375,not in family,12,w,"(0.0682, 0.5695)",r,44.394334026537756,st,14
237,not in family,8,w,"(0.5511, 0.4048)",i,6.734286142115332,st,26
242,not in family,10,m,"(0.208, 0.0341)",r,21.37775433024683,st,12
248,not in family,14,m,"(0.7452, 0.8082)",h,53.32334272556536,st,30
362,not in family,6,m,"(0.0463, 0.1577)",r,36.096840349764996,nst,8
249,not in family,3,m,"(0.0796, 0.6732)",r,95.9747762541948,nst,4
256,not in family,6,m,"(0.5844, 0.7187)",r,47.29413521832683,nst,5
267,not in family,11,w,"(0.8126, 0.8342)",r,79.11121676302106,st,21
269,not in family,17,m,"(0.9247, 0.7297)",r,59.480067176517416,st,10
271,not in family,15,w,"(0.6926, 0.521)",s,62.9191596236841,st,30
275,not in family,3,w,"(0.7441, 0.934)",h,90.72017180754719,nst,0
364,not in family,7,w,"(0.9104, 0.7211)",r,56.83742777927493,st,20
255,not in family,2,w,"(0.4706, 0.8499)",r,52.69573541417962,nst,3
73,not in family,5,w,"(0.5385, 0.1322)",r,54.93304896033987,nst,8
491,not in family,4,m,"(0.2002, 0.0239)",r,50.88246785670646,nst,5
494,not in family,16,m,"(0.0848, 0.212)",r,11.707669158531054,st,10
157,not in family,5,w,"(0.0366, 0.248)",h,70.29893132060681,nst,0
683,not in family,13,m,"(0.0826, 0.2359)",r,87.15444639666163,st,27
156,not in family,14,m,"(0.3135, 0.3856)",r,17.745917193698283,st,13
155,not in family,13,w,"(0.818, 0.5557)",r,74.74912740710623,st,28
686,not in family,17,w,"(0.281, 0.7802)",r,29.778549012745415,st,19
150,not in family,7,m,"(0.7269, 0.13)",i,0.0,st,19
694,not in family,14,m,"(0.193, 0.859)",r,62.05783017931158,st,24
697,not in family,8,m,"(0.7708, 0.4049)",r,0.6906513847770743,st,12
145,not in family,14,m,"(0.2484, 0.0518)",r,5.662114388098038,st,20
140,not in family,11,m,"(0.3325, 0.0873)",r,29.775466993591802,st,22
706,not in family,16,w,"(0.7537, 0.0929)",r,12.404189518010266,st,24
711,not in family,13,m,"(0.6545, 0.2365)",r,39.66662927182079,st,10
714,not in family,4,w,"(0.3855, 0.7024)",s,49.68701812826749,nst,0
128,not in family,2,m,"(0.1733, 0.4344)",r,57.006716879765605,nst,11
721,not in family,16,m,"(0.9739, 0.3091)",r,84.74009762207176,st,10
722,not in family,7,m,"(0.2737, 0.3724)",s,81.87747009408932,st,16
727,not in family,14,m,"(0.1831, 0.6603)",r,36.28604107949391,st,26
76,not in family,15,w,"(0.4363, 0.4628)",r,6.927485398299915,st,27
776,not in family,9,m,"(0.3738, 0.7358)",r,64.75524516974806,st,15
774,not in family,1,w,"(0.5604, 0.0477)",r,64.24905941311448,nst,10
81,not in family,16,w,"(0.4051, 0.4579)",r,95.88154734330558,st,10
768,not in family,1,m,"(0.4257, 0.0734)",r,90.460476336082,nst,7
86,not in family,14,w,"(0.4095, 0.9993)",r,30.693772938363352,st,19
681,not in family,9,m,"(0.7423, 0.3799)",r,32.79794217551866,st,18
763,not in family,8,m,"(0.2832, 0.3972)",r,97.24022619936433,st,29
94,not in family,7,m,"(0.0454, 0.1016)",r,40.67833714635135,st,26
104,not in family,11,m,"(0.241, 0.0621)",r,51.92403426967578,st,19
117,not in family,9,w,"(0.5092, 0.8305)",r,0.7524991763914524,st,17
733,not in family,3,m,"(0.4385, 0.7462)",r,23.2593652962533,nst,4
732,not in family,4,m,"(0.1403, 0.1303)",r,29.21582405224553,nst,8
731,not in family,6,m,"(0.9282, 0.4358)",r,48.70518954220087,nst,7
91,not in family,13,m,"(0.9972, 0.7758)",r,32.9230842641295,st,17
679,not in family,1,m,"(0.8943, 0.008)",r,99.94169409218301,nst,11
159,not in family,16,w,"(0.2168, 0.2835)",s,85.76787518283153,st,23
677,not in family,15,m,"(0.0871, 0.5538)",r,47.69754152196505,st,14
604,not in family,8,m,"(0.6887, 0.3275)",r,35.95410487696989,st,26
600,not in family,7,w,"(0.4873, 0.1045)",r,56.345558549822606,st,30
590,not in family,11,w,"(0.9451, 0.8373)",r,18.53464417167541,st,27
581,not in family,3,m,"(0.0218, 0.5442)",r,35.9674820080241,nst,5
576,not in family,1,m,"(0.4157, 0.7901)",r,25.923417635405418,nst,3
573,not in family,3,m,"(0.6956, 0.7879)",s,24.841027231554826,nst,11
608,not in family,14,m,"(0.2187, 0.293)",r,90.5838164173785,st,30
571,not in family,17,w,"(0.4754, 0.519)",r,14.60526043150826,st,14
534,not in family,16,w,"(0.958, 0.0972)",r,48.80083765585543,st,14
530,not in family,17,w,"(0.1226, 0.9376)",s,49.07323117264156,st,16
526,not in family,5,m,"(0.8116, 0.0228)",r,33.320625096729174,nst,5
525,not in family,13,w,"(0.5579, 0.2068)",s,72.60660187784167,st,26
515,not in family,15,m,"(0.1316, 0.5883)",s,97.60634815761257,st,21
495,not in family,16,w,"(0.2961, 0.0045)",r,31.530082435180834,st,20
545,not in family,11,m,"(0.3003, 0.7284)",r,96.83351260577693,st,14
493,not in family,1,m,"(0.9617, 0.6219)",r,29.296922023340617,nst,9
609,not in family,4,m,"(0.1294, 0.0883)",r,78.36637407897463,nst,6
632,not in family,14,w,"(0.2177, 0.0844)",r,55.606352418189125,st,18
160,not in family,3,w,"(0.0664, 0.6239)",r,74.80732413734097,nst,6
161,not in family,10,m,"(0.82, 0.7998)",r,35.665845474662135,st,27
674,not in family,10,m,"(0.5667, 0.532)",r,57.95432427351684,st,14
667,not in family,14,m,"(0.2396, 0.1574)",r,74.82449793844683,st,18
168,not in family,15,m,"(0.853, 0.3997)",h,96.57913635113891,st,29
662,not in family,6,m,"(0.1869, 0.143)",r,45.13436872681421,nst,14
622,not in family,14,m,"(0.6529, 0.8054)",r,11.905036791541512,st,16
657,not in family,3,m,"(0.493, 0.1882)",r,4.867397586968314,nst,11
653,not in family,16,m,"(0.3519, 0.0877)",r,62.404960772782914,st,13
176,not in family,17,w,"(0.9727, 0.5155)",r,29.756926720127044,st,15
177,not in family,15,m,"(0.0357, 0.8999)",r,33.696303363831255,st,19
646,not in family,12,m,"(0.6728, 0.4243)",r,75.10247821727391,st,17
642,not in family,14,w,"(0.4421, 0.7748)",r,50.92128257495233,st,26
343,not in family,3,m,"(0.9672, 0.1274)",s,42.28616744184487,nst,13
655,not in family,14,w,"(0.0102, 0.9004)",s,92.80411094035736,st,25
635,not in family,1,w,"(0.3953, 0.7116)",r,39.34600870526165,nst,4
